insert into account(id, name) values (1, 'Default account');
insert into asset(nome, asset_type, data_emissao, data_vencimento)
     values ('ATIVO0', 'RV', ' 2020-01-01', '2020-03-30'),
            ('ATIVO1', 'RF', ' 2020-01-01', '2020-03-30'),
            ('ATIVO2', 'RF', ' 2020-01-01', '2020-03-30'),
            ('ATIVO3', 'FUNDO', ' 2020-01-01', '2020-03-30'),
            ('ATIVO4', 'FUNDO', ' 2020-01-01', '2020-03-30'),
            ('ATIVO5', 'RF', ' 2020-01-01', '2020-03-30'),
            ('ATIVO6', 'RF', ' 2020-01-01', '2020-03-30'),
            ('ATIVO7', 'RF', ' 2020-01-01', '2020-03-30'),
            ('ATIVO8', 'RF', ' 2020-01-01', '2020-03-30'),
            ('ATIVO9', 'RF', ' 2020-01-01', '2020-03-30'),
            ('ATIVO10', 'FUNDO', ' 2020-01-01', '2020-03-30'),
            ('ATIVO11', 'RF', ' 2020-01-01', '2020-03-30'),
            ('ATIVO12', 'RF', ' 2020-01-01', '2020-03-30'),
            ('ATIVO13', 'RV', ' 2020-01-01', '2020-03-30'),
            ('ATIVO14', 'RF', ' 2020-01-01', '2020-03-30'),
            ('ATIVO15', 'RV', ' 2020-01-01', '2020-03-30'),
            ('ATIVO16', 'RV', ' 2020-01-01', '2020-03-30'),
            ('ATIVO17', 'FUNDO', ' 2020-01-01', '2020-03-30'),
            ('ATIVO18', 'RV', ' 2020-01-01', '2020-03-30'),
            ('ATIVO19', 'FUNDO', ' 2020-01-01', '2020-03-30'),
            ('ATIVO20', 'RV', ' 2020-01-01', '2020-03-30'),
            ('ATIVO21', 'RF', ' 2020-01-01', '2020-03-30'),
            ('ATIVO22', 'FUNDO', ' 2020-01-01', '2020-03-30'),
            ('ATIVO23', 'RF', ' 2020-01-01', '2020-03-30'),
            ('ATIVO24', 'RV', ' 2020-01-01', '2020-03-30'),
            ('ATIVO25', 'RV', ' 2020-01-01', '2020-03-30'),
            ('ATIVO26', 'RF', ' 2020-01-01', '2020-03-30'),
            ('ATIVO27', 'FUNDO', ' 2020-01-01', '2020-03-30'),
            ('ATIVO28', 'RV', ' 2020-01-01', '2020-03-30'),
            ('ATIVO29', 'FUNDO', ' 2020-01-01', '2020-03-30'),
            ('ATIVO30', 'RF', ' 2020-01-01', '2020-03-30'),
            ('ATIVO31', 'RF', ' 2020-01-01', '2020-03-30'),
            ('ATIVO32', 'RV', ' 2020-01-01', '2020-03-30'),
            ('ATIVO33', 'FUNDO', ' 2020-01-01', '2020-03-30'),
            ('ATIVO34', 'FUNDO', ' 2020-01-01', '2020-03-30'),
            ('ATIVO35', 'RV', ' 2020-01-01', '2020-03-30'),
            ('ATIVO36', 'FUNDO', ' 2020-01-01', '2020-03-30'),
            ('ATIVO37', 'RF', ' 2020-01-01', '2020-03-30'),
            ('ATIVO38', 'RF', ' 2020-01-01', '2020-03-30'),
            ('ATIVO39', 'RV', ' 2020-01-01', '2020-03-30'),
            ('ATIVO40', 'RF', ' 2020-01-01', '2020-03-30'),
            ('ATIVO41', 'RV', ' 2020-01-01', '2020-03-30'),
            ('ATIVO42', 'FUNDO', ' 2020-01-01', '2020-03-30'),
            ('ATIVO43', 'FUNDO', ' 2020-01-01', '2020-03-30'),
            ('ATIVO44', 'FUNDO', ' 2020-01-01', '2020-03-30'),
            ('ATIVO45', 'RV', ' 2020-01-01', '2020-03-30'),
            ('ATIVO46', 'RF', ' 2020-01-01', '2020-03-30'),
            ('ATIVO47', 'RV', ' 2020-01-01', '2020-03-30'),
            ('ATIVO48', 'FUNDO', ' 2020-01-01', '2020-03-30'),
            ('ATIVO49', 'FUNDO', ' 2020-01-01', '2020-03-30'),
            ('ATIVO50', 'RF', ' 2020-01-01', '2020-03-30'),
            ('ATIVO51', 'RF', ' 2020-01-01', '2020-03-30'),
            ('ATIVO52', 'RF', ' 2020-01-01', '2020-03-30'),
            ('ATIVO53', 'FUNDO', ' 2020-01-01', '2020-03-30'),
            ('ATIVO54', 'RV', ' 2020-01-01', '2020-03-30'),
            ('ATIVO55', 'RF', ' 2020-01-01', '2020-03-30'),
            ('ATIVO56', 'RF', ' 2020-01-01', '2020-03-30'),
            ('ATIVO57', 'FUNDO', ' 2020-01-01', '2020-03-30'),
            ('ATIVO58', 'FUNDO', ' 2020-01-01', '2020-03-30'),
            ('ATIVO59', 'RF', ' 2020-01-01', '2020-03-30'),
            ('ATIVO60', 'RF', ' 2020-01-01', '2020-03-30'),
            ('ATIVO61', 'RV', ' 2020-01-01', '2020-03-30'),
            ('ATIVO62', 'RV', ' 2020-01-01', '2020-03-30'),
            ('ATIVO63', 'RF', ' 2020-01-01', '2020-03-30'),
            ('ATIVO64', 'RF', ' 2020-01-01', '2020-03-30'),
            ('ATIVO65', 'RF', ' 2020-01-01', '2020-03-30'),
            ('ATIVO66', 'RV', ' 2020-01-01', '2020-03-30'),
            ('ATIVO67', 'FUNDO', ' 2020-01-01', '2020-03-30'),
            ('ATIVO68', 'RF', ' 2020-01-01', '2020-03-30'),
            ('ATIVO69', 'RF', ' 2020-01-01', '2020-03-30'),
            ('ATIVO70', 'RF', ' 2020-01-01', '2020-03-30'),
            ('ATIVO71', 'RV', ' 2020-01-01', '2020-03-30'),
            ('ATIVO72', 'RV', ' 2020-01-01', '2020-03-30'),
            ('ATIVO73', 'FUNDO', ' 2020-01-01', '2020-03-30'),
            ('ATIVO74', 'FUNDO', ' 2020-01-01', '2020-03-30'),
            ('ATIVO75', 'RV', ' 2020-01-01', '2020-03-30'),
            ('ATIVO76', 'FUNDO', ' 2020-01-01', '2020-03-30'),
            ('ATIVO77', 'RV', ' 2020-01-01', '2020-03-30'),
            ('ATIVO78', 'RV', ' 2020-01-01', '2020-03-30'),
            ('ATIVO79', 'RV', ' 2020-01-01', '2020-03-30'),
            ('ATIVO80', 'FUNDO', ' 2020-01-01', '2020-03-30'),
            ('ATIVO81', 'FUNDO', ' 2020-01-01', '2020-03-30'),
            ('ATIVO82', 'RV', ' 2020-01-01', '2020-03-30'),
            ('ATIVO83', 'FUNDO', ' 2020-01-01', '2020-03-30'),
            ('ATIVO84', 'RF', ' 2020-01-01', '2020-03-30'),
            ('ATIVO85', 'RV', ' 2020-01-01', '2020-03-30'),
            ('ATIVO86', 'FUNDO', ' 2020-01-01', '2020-03-30'),
            ('ATIVO87', 'RV', ' 2020-01-01', '2020-03-30'),
            ('ATIVO88', 'FUNDO', ' 2020-01-01', '2020-03-30'),
            ('ATIVO89', 'RF', ' 2020-01-01', '2020-03-30'),
            ('ATIVO90', 'RV', ' 2020-01-01', '2020-03-30'),
            ('ATIVO91', 'RV', ' 2020-01-01', '2020-03-30'),
            ('ATIVO92', 'FUNDO', ' 2020-01-01', '2020-03-30'),
            ('ATIVO93', 'RF', ' 2020-01-01', '2020-03-30'),
            ('ATIVO94', 'FUNDO', ' 2020-01-01', '2020-03-30'),
            ('ATIVO95', 'RV', ' 2020-01-01', '2020-03-30'),
            ('ATIVO96', 'RV', ' 2020-01-01', '2020-03-30'),
            ('ATIVO97', 'FUNDO', ' 2020-01-01', '2020-03-30'),
            ('ATIVO98', 'RV', ' 2020-01-01', '2020-03-30'),
            ('ATIVO99', 'RF', ' 2020-01-01', '2020-03-30'),
            ('ATIVO100', 'RF', ' 2020-01-01', '2020-03-30'),
            ('ATIVO101', 'FUNDO', ' 2020-01-01', '2020-03-30'),
            ('ATIVO102', 'RV', ' 2020-01-01', '2020-03-30'),
            ('ATIVO103', 'RV', ' 2020-01-01', '2020-03-30'),
            ('ATIVO104', 'FUNDO', ' 2020-01-01', '2020-03-30'),
            ('ATIVO105', 'FUNDO', ' 2020-01-01', '2020-03-30'),
            ('ATIVO106', 'FUNDO', ' 2020-01-01', '2020-03-30'),
            ('ATIVO107', 'RV', ' 2020-01-01', '2020-03-30'),
            ('ATIVO108', 'RF', ' 2020-01-01', '2020-03-30'),
            ('ATIVO109', 'FUNDO', ' 2020-01-01', '2020-03-30'),
            ('ATIVO110', 'RF', ' 2020-01-01', '2020-03-30'),
            ('ATIVO111', 'RF', ' 2020-01-01', '2020-03-30'),
            ('ATIVO112', 'RV', ' 2020-01-01', '2020-03-30'),
            ('ATIVO113', 'RF', ' 2020-01-01', '2020-03-30'),
            ('ATIVO114', 'RV', ' 2020-01-01', '2020-03-30'),
            ('ATIVO115', 'FUNDO', ' 2020-01-01', '2020-03-30'),
            ('ATIVO116', 'FUNDO', ' 2020-01-01', '2020-03-30'),
            ('ATIVO117', 'RF', ' 2020-01-01', '2020-03-30'),
            ('ATIVO118', 'RF', ' 2020-01-01', '2020-03-30'),
            ('ATIVO119', 'FUNDO', ' 2020-01-01', '2020-03-30'),
            ('ATIVO120', 'RF', ' 2020-01-01', '2020-03-30'),
            ('ATIVO121', 'RV', ' 2020-01-01', '2020-03-30'),
            ('ATIVO122', 'RF', ' 2020-01-01', '2020-03-30'),
            ('ATIVO123', 'RV', ' 2020-01-01', '2020-03-30'),
            ('ATIVO124', 'FUNDO', ' 2020-01-01', '2020-03-30'),
            ('ATIVO125', 'FUNDO', ' 2020-01-01', '2020-03-30'),
            ('ATIVO126', 'RF', ' 2020-01-01', '2020-03-30'),
            ('ATIVO127', 'FUNDO', ' 2020-01-01', '2020-03-30');
insert into market_value(day_value, asset_id, value_date)
values (6.00, 'ATIVO0', '2020-01-02'),
       (1.20, 'ATIVO1', '2020-01-02'),
       (9.60, 'ATIVO2', '2020-01-02'),
       (9.60, 'ATIVO3', '2020-01-02'),
       (2.40, 'ATIVO4', '2020-01-02'),
       (10.80, 'ATIVO5', '2020-01-02'),
       (1.20, 'ATIVO6', '2020-01-02'),
       (4.80, 'ATIVO7', '2020-01-02'),
       (8.40, 'ATIVO8', '2020-01-02'),
       (6.00, 'ATIVO9', '2020-01-02'),
       (1.20, 'ATIVO10', '2020-01-02'),
       (4.80, 'ATIVO11', '2020-01-02'),
       (3.60, 'ATIVO12', '2020-01-02'),
       (10.80, 'ATIVO13', '2020-01-02'),
       (10.80, 'ATIVO14', '2020-01-02'),
       (0.00, 'ATIVO15', '2020-01-02'),
       (3.60, 'ATIVO16', '2020-01-02'),
       (1.20, 'ATIVO17', '2020-01-02'),
       (8.40, 'ATIVO18', '2020-01-02'),
       (8.40, 'ATIVO19', '2020-01-02'),
       (6.00, 'ATIVO20', '2020-01-02'),
       (6.00, 'ATIVO21', '2020-01-02'),
       (4.80, 'ATIVO22', '2020-01-02'),
       (1.20, 'ATIVO23', '2020-01-02'),
       (10.80, 'ATIVO24', '2020-01-02'),
       (9.60, 'ATIVO25', '2020-01-02'),
       (0.00, 'ATIVO26', '2020-01-02'),
       (8.40, 'ATIVO27', '2020-01-02'),
       (8.40, 'ATIVO28', '2020-01-02'),
       (10.80, 'ATIVO29', '2020-01-02'),
       (6.00, 'ATIVO30', '2020-01-02'),
       (9.60, 'ATIVO31', '2020-01-02'),
       (6.00, 'ATIVO32', '2020-01-02'),
       (8.40, 'ATIVO33', '2020-01-02'),
       (10.80, 'ATIVO34', '2020-01-02'),
       (9.60, 'ATIVO35', '2020-01-02'),
       (7.20, 'ATIVO36', '2020-01-02'),
       (10.80, 'ATIVO37', '2020-01-02'),
       (3.60, 'ATIVO38', '2020-01-02'),
       (4.80, 'ATIVO39', '2020-01-02'),
       (7.20, 'ATIVO40', '2020-01-02'),
       (10.80, 'ATIVO41', '2020-01-02'),
       (0.00, 'ATIVO42', '2020-01-02'),
       (10.80, 'ATIVO43', '2020-01-02'),
       (9.60, 'ATIVO44', '2020-01-02'),
       (10.80, 'ATIVO45', '2020-01-02'),
       (2.40, 'ATIVO46', '2020-01-02'),
       (1.20, 'ATIVO47', '2020-01-02'),
       (0.00, 'ATIVO48', '2020-01-02'),
       (1.20, 'ATIVO49', '2020-01-02'),
       (2.40, 'ATIVO50', '2020-01-02'),
       (2.40, 'ATIVO51', '2020-01-02'),
       (4.80, 'ATIVO52', '2020-01-02'),
       (2.40, 'ATIVO53', '2020-01-02'),
       (3.60, 'ATIVO54', '2020-01-02'),
       (2.40, 'ATIVO55', '2020-01-02'),
       (6.00, 'ATIVO56', '2020-01-02'),
       (2.40, 'ATIVO57', '2020-01-02'),
       (6.00, 'ATIVO58', '2020-01-02'),
       (9.60, 'ATIVO59', '2020-01-02'),
       (3.60, 'ATIVO60', '2020-01-02'),
       (7.20, 'ATIVO61', '2020-01-02'),
       (10.80, 'ATIVO62', '2020-01-02'),
       (6.00, 'ATIVO63', '2020-01-02'),
       (10.80, 'ATIVO64', '2020-01-02'),
       (2.40, 'ATIVO65', '2020-01-02'),
       (6.00, 'ATIVO66', '2020-01-02'),
       (9.60, 'ATIVO67', '2020-01-02'),
       (6.00, 'ATIVO68', '2020-01-02'),
       (2.40, 'ATIVO69', '2020-01-02'),
       (9.60, 'ATIVO70', '2020-01-02'),
       (0.00, 'ATIVO71', '2020-01-02'),
       (7.20, 'ATIVO72', '2020-01-02'),
       (10.80, 'ATIVO73', '2020-01-02'),
       (6.00, 'ATIVO74', '2020-01-02'),
       (10.80, 'ATIVO75', '2020-01-02'),
       (4.80, 'ATIVO76', '2020-01-02'),
       (3.60, 'ATIVO77', '2020-01-02'),
       (0.00, 'ATIVO78', '2020-01-02'),
       (1.20, 'ATIVO79', '2020-01-02'),
       (8.40, 'ATIVO80', '2020-01-02'),
       (2.40, 'ATIVO81', '2020-01-02'),
       (0.00, 'ATIVO82', '2020-01-02'),
       (8.40, 'ATIVO83', '2020-01-02'),
       (8.40, 'ATIVO84', '2020-01-02'),
       (3.60, 'ATIVO85', '2020-01-02'),
       (3.60, 'ATIVO86', '2020-01-02'),
       (7.20, 'ATIVO87', '2020-01-02'),
       (1.20, 'ATIVO88', '2020-01-02'),
       (8.40, 'ATIVO89', '2020-01-02'),
       (0.00, 'ATIVO90', '2020-01-02'),
       (1.20, 'ATIVO91', '2020-01-02'),
       (9.60, 'ATIVO92', '2020-01-02'),
       (6.00, 'ATIVO93', '2020-01-02'),
       (10.80, 'ATIVO94', '2020-01-02'),
       (2.40, 'ATIVO95', '2020-01-02'),
       (1.20, 'ATIVO96', '2020-01-02'),
       (6.00, 'ATIVO97', '2020-01-02'),
       (1.20, 'ATIVO98', '2020-01-02'),
       (0.00, 'ATIVO99', '2020-01-02'),
       (7.20, 'ATIVO100', '2020-01-02'),
       (4.80, 'ATIVO101', '2020-01-02'),
       (7.20, 'ATIVO102', '2020-01-02'),
       (10.80, 'ATIVO103', '2020-01-02'),
       (1.20, 'ATIVO104', '2020-01-02'),
       (6.00, 'ATIVO105', '2020-01-02'),
       (0.00, 'ATIVO106', '2020-01-02'),
       (10.80, 'ATIVO107', '2020-01-02'),
       (4.80, 'ATIVO108', '2020-01-02'),
       (0.00, 'ATIVO109', '2020-01-02'),
       (6.00, 'ATIVO110', '2020-01-02'),
       (0.00, 'ATIVO111', '2020-01-02'),
       (0.00, 'ATIVO112', '2020-01-02'),
       (8.40, 'ATIVO113', '2020-01-02'),
       (1.20, 'ATIVO114', '2020-01-02'),
       (1.20, 'ATIVO115', '2020-01-02'),
       (0.00, 'ATIVO116', '2020-01-02'),
       (0.00, 'ATIVO117', '2020-01-02'),
       (3.60, 'ATIVO118', '2020-01-02'),
       (4.80, 'ATIVO119', '2020-01-02'),
       (7.20, 'ATIVO120', '2020-01-02'),
       (2.40, 'ATIVO121', '2020-01-02'),
       (1.20, 'ATIVO122', '2020-01-02'),
       (7.20, 'ATIVO123', '2020-01-02'),
       (10.80, 'ATIVO124', '2020-01-02'),
       (1.20, 'ATIVO125', '2020-01-02'),
       (8.40, 'ATIVO126', '2020-01-02'),
       (8.40, 'ATIVO127', '2020-01-02');
insert into account_entry(id,data,descricao,tipo,valor,account_id)
values (99,'2020-04-05','Primeira entrada','ENTRADA',20.0,1),
       (100,'2020-04-05','Segunda entrada','ENTRADA',15.8,1),
       (101,'2020-04-05','Terceira entrada','SAIDA',8.3,1);